{
    "a": {
        "rq1": -0.015822091109080463,
        "rq2": -0.36204250840371766,
        "rq3": -0.019791868396399744,
        "rq4": -0.13102427069447448
    },
    "b": {
        "rq1": 0.009780328013047691,
        "rq2": 0.02411737916327017,
        "rq3": 0.05321824587484706,
        "rq4": 0.3084865802956822
    }
}